"","PedidoID","ClienteID","Status","ValorTotal","TransportadorID","Regiao","EnderecoPedido","TipoData","Data","Horario","CEP"
"1",101,14,"Entregue",1895.15,2,"Sudeste","Travessa das Palmeiras, 789, Savassi, Belo Horizonte, 30100-000","DataPedido",2024-07-01,NA,"30100-000"
"2",101,14,"Entregue",1895.15,2,"Sudeste","Travessa das Palmeiras, 789, Savassi, Belo Horizonte, 30100-000","DataEntrega",2024-07-14,NA,"30100-000"
"3",102,12,"Entregue",2827.16,2,"Sudeste","Avenida Paulista, 456, Bela Vista, São Paulo, 01300-000","DataPedido",2024-07-02,NA,"01300-000"
"4",102,12,"Entregue",2827.16,2,"Sudeste","Avenida Paulista, 456, Bela Vista, São Paulo, 01300-000","DataEntrega",2024-07-12,NA,"01300-000"
"5",103,3,"Entregue",2576.52,2,"Norte","Rua das Flores, 123, Centro, Manaus, 69000-000","DataPedido",2024-07-03,NA,"69000-000"
"6",103,3,"Entregue",2576.52,2,"Norte","Rua das Flores, 123, Centro, Manaus, 69000-000","DataEntrega",2024-07-22,NA,"69000-000"
"7",104,7,"Entregue",2820.98,2,"Sul","Travessa das Hortênsias, 789, Centro, Florianópolis, 88000-000","DataPedido",2024-07-04,NA,"88000-000"
"8",104,7,"Entregue",2820.98,2,"Sul","Travessa das Hortênsias, 789, Centro, Florianópolis, 88000-000","DataEntrega",2024-07-21,NA,"88000-000"
"9",105,20,"Entregue",2693.72,2,"Sudeste","Travessa das Palmeiras, 789, Savassi, Belo Horizonte, 30100-000","DataPedido",2024-07-05,NA,"30100-000"
"10",105,20,"Entregue",2693.72,2,"Sudeste","Travessa das Palmeiras, 789, Savassi, Belo Horizonte, 30100-000","DataEntrega",2024-07-19,NA,"30100-000"
"11",106,9,"Entregue",2405.18,2,"Norte","Rua das Flores, 123, Centro, Manaus, 69000-000","DataPedido",2024-07-06,NA,"69000-000"
"12",106,9,"Entregue",2405.18,2,"Norte","Rua das Flores, 123, Centro, Manaus, 69000-000","DataEntrega",2024-07-25,NA,"69000-000"
"13",107,6,"Entregue",1780.62,2,"Norte","Rua das Flores, 123, Centro, Manaus, 69000-000","DataPedido",2024-07-07,NA,"69000-000"
"14",107,6,"Entregue",1780.62,2,"Norte","Rua das Flores, 123, Centro, Manaus, 69000-000","DataEntrega",2024-07-18,NA,"69000-000"
"15",108,12,"Entregue",2838.51,2,"Sul","Avenida Farrapos, 456, Floresta, Porto Alegre, 90200-000","DataPedido",2024-07-08,NA,"90200-000"
"16",108,12,"Entregue",2838.51,2,"Sul","Avenida Farrapos, 456, Floresta, Porto Alegre, 90200-000","DataEntrega",2024-07-21,NA,"90200-000"
"17",109,8,"Entregue",1807.53,1,"Centro-Oeste","Travessa dos Buritis, 789, Jardim Goiás, Cuiabá, 78000-000","DataPedido",2024-07-09,NA,"78000-000"
"18",109,8,"Entregue",1807.53,1,"Centro-Oeste","Travessa dos Buritis, 789, Jardim Goiás, Cuiabá, 78000-000","DataEntrega",2024-07-25,NA,"78000-000"
"19",110,16,"Em trânsito",2771.25,1,"Sudeste","Travessa das Palmeiras, 789, Savassi, Belo Horizonte, 30100-000","DataPedido",2024-07-10,NA,"30100-000"
"20",110,16,"Em trânsito",2771.25,1,"Sudeste","Travessa das Palmeiras, 789, Savassi, Belo Horizonte, 30100-000","DataEntrega",NA,NA,"30100-000"
"21",111,14,"Entregue",1833.6,2,"Sudeste","Avenida Paulista, 456, Bela Vista, São Paulo, 01300-000","DataPedido",2024-07-11,NA,"01300-000"
"22",111,14,"Entregue",1833.6,2,"Sudeste","Avenida Paulista, 456, Bela Vista, São Paulo, 01300-000","DataEntrega",2024-07-24,NA,"01300-000"
"23",112,13,"Entregue",2843.38,2,"Nordeste","Avenida Atlântica, 456, Meireles, Fortaleza, 60100-000","DataPedido",2024-07-12,NA,"60100-000"
"24",112,13,"Entregue",2843.38,2,"Nordeste","Avenida Atlântica, 456, Meireles, Fortaleza, 60100-000","DataEntrega",2024-07-29,NA,"60100-000"
"25",113,3,"Entregue",2444.73,1,"Centro-Oeste","Avenida Brasília, 456, Asa Norte, Brasília, 70000-000","DataPedido",2024-07-13,NA,"70000-000"
"26",113,3,"Entregue",2444.73,1,"Centro-Oeste","Avenida Brasília, 456, Asa Norte, Brasília, 70000-000","DataEntrega",2024-07-30,NA,"70000-000"
"27",114,1,"Entregue",2565.2,1,"Centro-Oeste","Avenida Brasília, 456, Asa Norte, Brasília, 70000-000","DataPedido",2024-07-14,NA,"70000-000"
"28",114,1,"Entregue",2565.2,1,"Centro-Oeste","Avenida Brasília, 456, Asa Norte, Brasília, 70000-000","DataEntrega",2024-07-28,NA,"70000-000"
"29",115,8,"Entregue",2537.74,2,"Sul","Avenida Farrapos, 456, Floresta, Porto Alegre, 90200-000","DataPedido",2024-07-15,NA,"90200-000"
"30",115,8,"Entregue",2537.74,2,"Sul","Avenida Farrapos, 456, Floresta, Porto Alegre, 90200-000","DataEntrega",2024-07-26,NA,"90200-000"
"31",116,19,"Em trânsito",2719.95,2,"Centro-Oeste","Travessa dos Buritis, 789, Jardim Goiás, Cuiabá, 78000-000","DataPedido",2024-07-16,NA,"78000-000"
"32",116,19,"Em trânsito",2719.95,2,"Centro-Oeste","Travessa dos Buritis, 789, Jardim Goiás, Cuiabá, 78000-000","DataEntrega",NA,NA,"78000-000"
"33",117,10,"Pendente",1906.17,1,"Centro-Oeste","Travessa dos Buritis, 789, Jardim Goiás, Cuiabá, 78000-000","DataPedido",2024-07-17,NA,"78000-000"
"34",117,10,"Pendente",1906.17,1,"Centro-Oeste","Travessa dos Buritis, 789, Jardim Goiás, Cuiabá, 78000-000","DataEntrega",NA,NA,"78000-000"
"35",118,19,"Entregue",2412.58,1,"Norte","Rua das Flores, 123, Centro, Manaus, 69000-000","DataPedido",2024-07-18,NA,"69000-000"
"36",118,19,"Entregue",2412.58,1,"Norte","Rua das Flores, 123, Centro, Manaus, 69000-000","DataEntrega",2024-08-01,NA,"69000-000"
"37",119,7,"Pendente",2225.66,2,"Nordeste","Travessa dos Coqueiros, 789, Boa Viagem, Recife, 51000-000","DataPedido",2024-07-19,NA,"51000-000"
"38",119,7,"Pendente",2225.66,2,"Nordeste","Travessa dos Coqueiros, 789, Boa Viagem, Recife, 51000-000","DataEntrega",NA,NA,"51000-000"
"39",120,9,"Entregue",2072.44,2,"Sul","Travessa das Hortênsias, 789, Centro, Florianópolis, 88000-000","DataPedido",2024-07-20,NA,"88000-000"
"40",120,9,"Entregue",2072.44,2,"Sul","Travessa das Hortênsias, 789, Centro, Florianópolis, 88000-000","DataEntrega",2024-08-01,NA,"88000-000"
"41",121,13,"Entregue",2864.81,1,"Sul","Avenida Farrapos, 456, Floresta, Porto Alegre, 90200-000","DataPedido",2024-08-01,NA,"90200-000"
"42",121,13,"Entregue",2864.81,1,"Sul","Avenida Farrapos, 456, Floresta, Porto Alegre, 90200-000","DataEntrega",2024-08-12,NA,"90200-000"
"43",122,7,"Entregue",1633.88,1,"Sudeste","Avenida Paulista, 456, Bela Vista, São Paulo, 01300-000","DataPedido",2024-08-02,NA,"01300-000"
"44",122,7,"Entregue",1633.88,1,"Sudeste","Avenida Paulista, 456, Bela Vista, São Paulo, 01300-000","DataEntrega",2024-08-10,NA,"01300-000"
"45",123,16,"Entregue",1773.82,2,"Norte","Avenida Amazonas, 456, Aparecida, Belém, 66000-000","DataPedido",2024-08-03,NA,"66000-000"
"46",123,16,"Entregue",1773.82,2,"Norte","Avenida Amazonas, 456, Aparecida, Belém, 66000-000","DataEntrega",2024-08-17,NA,"66000-000"
"47",124,3,"Entregue",2156.37,1,"Norte","Rua das Flores, 123, Centro, Manaus, 69000-000","DataPedido",2024-08-04,NA,"69000-000"
"48",124,3,"Entregue",2156.37,1,"Norte","Rua das Flores, 123, Centro, Manaus, 69000-000","DataEntrega",2024-08-22,NA,"69000-000"
"49",125,9,"Entregue",2738.8,1,"Sudeste","Travessa das Palmeiras, 789, Savassi, Belo Horizonte, 30100-000","DataPedido",2024-08-05,NA,"30100-000"
"50",125,9,"Entregue",2738.8,1,"Sudeste","Travessa das Palmeiras, 789, Savassi, Belo Horizonte, 30100-000","DataEntrega",2024-08-25,NA,"30100-000"
"51",126,20,"Em trânsito",2088.74,NA,"Sudeste","Rua da Praia, 123, Copacabana, Rio de Janeiro, 22000-000","DataPedido",2024-08-06,NA,"22000-000"
"52",126,20,"Em trânsito",2088.74,NA,"Sudeste","Rua da Praia, 123, Copacabana, Rio de Janeiro, 22000-000","DataEntrega",NA,NA,"22000-000"
"53",127,19,"Entregue",2648.28,2,"Sul","Avenida Farrapos, 456, Floresta, Porto Alegre, 90200-000","DataPedido",2024-08-07,NA,"90200-000"
"54",127,19,"Entregue",2648.28,2,"Sul","Avenida Farrapos, 456, Floresta, Porto Alegre, 90200-000","DataEntrega",2024-08-15,NA,"90200-000"
"55",128,9,"Entregue",2556.64,1,"Sul","Travessa das Hortênsias, 789, Centro, Florianópolis, 88000-000","DataPedido",2024-08-08,NA,"88000-000"
"56",128,9,"Entregue",2556.64,1,"Sul","Travessa das Hortênsias, 789, Centro, Florianópolis, 88000-000","DataEntrega",2024-08-26,NA,"88000-000"
"57",129,7,"Entregue",2469.9,1,"Norte","Rua das Flores, 123, Centro, Manaus, 69000-000","DataPedido",2024-08-09,NA,"69000-000"
"58",129,7,"Entregue",2469.9,1,"Norte","Rua das Flores, 123, Centro, Manaus, 69000-000","DataEntrega",2024-08-20,NA,"69000-000"
"59",130,12,"Entregue",2097.04,1,"Sudeste","Avenida Paulista, 456, Bela Vista, São Paulo, 01300-000","DataPedido",2024-08-10,NA,"01300-000"
"60",130,12,"Entregue",2097.04,1,"Sudeste","Avenida Paulista, 456, Bela Vista, São Paulo, 01300-000","DataEntrega",2024-08-17,NA,"01300-000"
"61",131,1,"Pendente",2915.26,1,"Sudeste","Avenida Paulista, 456, Bela Vista, São Paulo, 01300-000","DataPedido",2024-08-11,NA,"01300-000"
"62",131,1,"Pendente",2915.26,1,"Sudeste","Avenida Paulista, 456, Bela Vista, São Paulo, 01300-000","DataEntrega",NA,NA,"01300-000"
"63",132,16,"Entregue",2645.07,1,"Sul","Avenida Farrapos, 456, Floresta, Porto Alegre, 90200-000","DataPedido",2024-08-12,NA,"90200-000"
"64",132,16,"Entregue",2645.07,1,"Sul","Avenida Farrapos, 456, Floresta, Porto Alegre, 90200-000","DataEntrega",2024-08-28,NA,"90200-000"
"65",133,7,"Entregue",2409.89,1,"Sudeste","Rua da Praia, 123, Copacabana, Rio de Janeiro, 22000-000","DataPedido",2024-08-13,NA,"22000-000"
"66",133,7,"Entregue",2409.89,1,"Sudeste","Rua da Praia, 123, Copacabana, Rio de Janeiro, 22000-000","DataEntrega",2024-08-25,NA,"22000-000"
"67",134,14,"Entregue",2660.65,1,"Sudeste","Travessa das Palmeiras, 789, Savassi, Belo Horizonte, 30100-000","DataPedido",2024-08-14,NA,"30100-000"
"68",134,14,"Entregue",2660.65,1,"Sudeste","Travessa das Palmeiras, 789, Savassi, Belo Horizonte, 30100-000","DataEntrega",2024-09-02,NA,"30100-000"
"69",135,1,"Entregue",2988.11,1,"Nordeste","Rua dos Ventos, 123, Pituba, Salvador, 40000-000","DataPedido",2024-08-15,NA,"40000-000"
"70",135,1,"Entregue",2988.11,1,"Nordeste","Rua dos Ventos, 123, Pituba, Salvador, 40000-000","DataEntrega",2024-09-02,NA,"40000-000"
"71",136,19,"Entregue",2670.6,1,"Nordeste","Travessa dos Coqueiros, 789, Boa Viagem, Recife, 51000-000","DataPedido",2024-08-16,NA,"51000-000"
"72",136,19,"Entregue",2670.6,1,"Nordeste","Travessa dos Coqueiros, 789, Boa Viagem, Recife, 51000-000","DataEntrega",2024-08-31,NA,"51000-000"
"73",137,1,"Entregue",2305.4,1,"Sudeste","Rua da Praia, 123, Copacabana, Rio de Janeiro, 22000-000","DataPedido",2024-08-17,NA,"22000-000"
"74",137,1,"Entregue",2305.4,1,"Sudeste","Rua da Praia, 123, Copacabana, Rio de Janeiro, 22000-000","DataEntrega",2024-08-24,NA,"22000-000"
"75",138,13,"Entregue",2862.62,2,"Sul","Travessa das Hortênsias, 789, Centro, Florianópolis, 88000-000","DataPedido",2024-08-18,NA,"88000-000"
"76",138,13,"Entregue",2862.62,2,"Sul","Travessa das Hortênsias, 789, Centro, Florianópolis, 88000-000","DataEntrega",2024-09-04,NA,"88000-000"
"77",139,10,"Entregue",2594.45,1,"Sul","Rua das Araucárias, 123, Centro, Curitiba, 80000-000","DataPedido",2024-08-19,NA,"80000-000"
"78",139,10,"Entregue",2594.45,1,"Sul","Rua das Araucárias, 123, Centro, Curitiba, 80000-000","DataEntrega",2024-09-05,NA,"80000-000"
"79",140,10,"Entregue",1504.96,1,"Sul","Rua das Araucárias, 123, Centro, Curitiba, 80000-000","DataPedido",2024-08-20,NA,"80000-000"
"80",140,10,"Entregue",1504.96,1,"Sul","Rua das Araucárias, 123, Centro, Curitiba, 80000-000","DataEntrega",2024-09-05,NA,"80000-000"
"81",141,3,"Entregue",1652.31,2,"Sudeste","Travessa das Palmeiras, 789, Savassi, Belo Horizonte, 30100-000","DataPedido",2024-08-21,NA,"30100-000"
"82",141,3,"Entregue",1652.31,2,"Sudeste","Travessa das Palmeiras, 789, Savassi, Belo Horizonte, 30100-000","DataEntrega",2024-09-08,NA,"30100-000"
"83",142,20,"Entregue",2982.6,1,"Sul","Avenida Farrapos, 456, Floresta, Porto Alegre, 90200-000","DataPedido",2024-08-22,NA,"90200-000"
"84",142,20,"Entregue",2982.6,1,"Sul","Avenida Farrapos, 456, Floresta, Porto Alegre, 90200-000","DataEntrega",2024-09-09,NA,"90200-000"
"85",143,12,"Entregue",2455.13,1,"Norte","Rua das Flores, 123, Centro, Manaus, 69000-000","DataPedido",2024-08-23,NA,"69000-000"
"86",143,12,"Entregue",2455.13,1,"Norte","Rua das Flores, 123, Centro, Manaus, 69000-000","DataEntrega",2024-09-12,NA,"69000-000"
"87",144,7,"Entregue",2476.36,2,"Sul","Avenida Farrapos, 456, Floresta, Porto Alegre, 90200-000","DataPedido",2024-08-24,NA,"90200-000"
"88",144,7,"Entregue",2476.36,2,"Sul","Avenida Farrapos, 456, Floresta, Porto Alegre, 90200-000","DataEntrega",2024-09-13,NA,"90200-000"
"89",145,1,"Entregue",2600.19,2,"Norte","Avenida Amazonas, 456, Aparecida, Belém, 66000-000","DataPedido",2024-08-25,NA,"66000-000"
"90",145,1,"Entregue",2600.19,2,"Norte","Avenida Amazonas, 456, Aparecida, Belém, 66000-000","DataEntrega",2024-09-14,NA,"66000-000"
"91",146,8,"Em trânsito",2922.61,2,"Sul","Rua das Araucárias, 123, Centro, Curitiba, 80000-000","DataPedido",2024-08-26,NA,"80000-000"
"92",146,8,"Em trânsito",2922.61,2,"Sul","Rua das Araucárias, 123, Centro, Curitiba, 80000-000","DataEntrega",NA,NA,"80000-000"
"93",147,9,"Entregue",1878.18,1,"Sudeste","Avenida Paulista, 456, Bela Vista, São Paulo, 01300-000","DataPedido",2024-08-27,NA,"01300-000"
"94",147,9,"Entregue",1878.18,1,"Sudeste","Avenida Paulista, 456, Bela Vista, São Paulo, 01300-000","DataEntrega",2024-09-14,NA,"01300-000"
"95",148,10,"Entregue",2616.06,1,"Sul","Travessa das Hortênsias, 789, Centro, Florianópolis, 88000-000","DataPedido",2024-08-28,NA,"88000-000"
"96",148,10,"Entregue",2616.06,1,"Sul","Travessa das Hortênsias, 789, Centro, Florianópolis, 88000-000","DataEntrega",2024-09-10,NA,"88000-000"
"97",149,12,"Entregue",1885,1,"Sul","Rua das Araucárias, 123, Centro, Curitiba, 80000-000","DataPedido",2024-08-29,NA,"80000-000"
"98",149,12,"Entregue",1885,1,"Sul","Rua das Araucárias, 123, Centro, Curitiba, 80000-000","DataEntrega",2024-09-08,NA,"80000-000"
"99",150,14,"Entregue",2490.85,1,"Centro-Oeste","Travessa dos Buritis, 789, Jardim Goiás, Cuiabá, 78000-000","DataPedido",2024-08-30,NA,"78000-000"
"100",150,14,"Entregue",2490.85,1,"Centro-Oeste","Travessa dos Buritis, 789, Jardim Goiás, Cuiabá, 78000-000","DataEntrega",2024-09-14,NA,"78000-000"
"101",151,12,"Entregue",2187.12,2,"Sudeste","Travessa das Palmeiras, 789, Savassi, Belo Horizonte, 30100-000","DataPedido",2024-08-31,NA,"30100-000"
"102",151,12,"Entregue",2187.12,2,"Sudeste","Travessa das Palmeiras, 789, Savassi, Belo Horizonte, 30100-000","DataEntrega",2024-09-09,NA,"30100-000"
"103",152,14,"Entregue",2733.9,2,"Sul","Rua das Araucárias, 123, Centro, Curitiba, 80000-000","DataPedido",2024-09-01,NA,"80000-000"
"104",152,14,"Entregue",2733.9,2,"Sul","Rua das Araucárias, 123, Centro, Curitiba, 80000-000","DataEntrega",2024-09-12,NA,"80000-000"
"105",153,9,"Entregue",2918.22,1,"Sul","Rua das Araucárias, 123, Centro, Curitiba, 80000-000","DataPedido",2024-09-02,NA,"80000-000"
"106",153,9,"Entregue",2918.22,1,"Sul","Rua das Araucárias, 123, Centro, Curitiba, 80000-000","DataEntrega",2024-09-11,NA,"80000-000"
"107",154,19,"Entregue",1718.67,1,"Nordeste","Rua dos Ventos, 123, Pituba, Salvador, 40000-000","DataPedido",2024-09-03,NA,"40000-000"
"108",154,19,"Entregue",1718.67,1,"Nordeste","Rua dos Ventos, 123, Pituba, Salvador, 40000-000","DataEntrega",2024-09-16,NA,"40000-000"
"109",155,6,"Entregue",1595.22,2,"Sudeste","Rua da Praia, 123, Copacabana, Rio de Janeiro, 22000-000","DataPedido",2024-09-04,NA,"22000-000"
"110",155,6,"Entregue",1595.22,2,"Sudeste","Rua da Praia, 123, Copacabana, Rio de Janeiro, 22000-000","DataEntrega",2024-09-15,NA,"22000-000"
"111",156,13,"Em trânsito",2925.08,2,"Norte","Rua das Flores, 123, Centro, Manaus, 69000-000","DataPedido",2024-09-05,NA,"69000-000"
"112",156,13,"Em trânsito",2925.08,2,"Norte","Rua das Flores, 123, Centro, Manaus, 69000-000","DataEntrega",NA,NA,"69000-000"
"113",157,7,"Entregue",1867.47,1,"Sul","Travessa das Hortênsias, 789, Centro, Florianópolis, 88000-000","DataPedido",2024-09-06,NA,"88000-000"
"114",157,7,"Entregue",1867.47,1,"Sul","Travessa das Hortênsias, 789, Centro, Florianópolis, 88000-000","DataEntrega",2024-09-19,NA,"88000-000"
"115",158,10,"Entregue",2160.87,1,"Sudeste","Avenida Paulista, 456, Bela Vista, São Paulo, 01300-000","DataPedido",2024-09-07,NA,"01300-000"
"116",158,10,"Entregue",2160.87,1,"Sudeste","Avenida Paulista, 456, Bela Vista, São Paulo, 01300-000","DataEntrega",2024-09-15,NA,"01300-000"
"117",159,16,"Entregue",2788.91,1,"Centro-Oeste","Avenida Brasília, 456, Asa Norte, Brasília, 70000-000","DataPedido",2024-09-08,NA,"70000-000"
"118",159,16,"Entregue",2788.91,1,"Centro-Oeste","Avenida Brasília, 456, Asa Norte, Brasília, 70000-000","DataEntrega",2024-09-18,NA,"70000-000"
"119",160,3,"Entregue",2634.25,1,"Nordeste","Travessa dos Coqueiros, 789, Boa Viagem, Recife, 51000-000","DataPedido",2024-09-09,NA,"51000-000"
"120",160,3,"Entregue",2634.25,1,"Nordeste","Travessa dos Coqueiros, 789, Boa Viagem, Recife, 51000-000","DataEntrega",2024-09-24,NA,"51000-000"
"121",161,6,"Entregue",1822.42,2,"Norte","Rua das Flores, 123, Centro, Manaus, 69000-000","DataPedido",2024-09-10,NA,"69000-000"
"122",161,6,"Entregue",1822.42,2,"Norte","Rua das Flores, 123, Centro, Manaus, 69000-000","DataEntrega",2024-09-28,NA,"69000-000"
"123",162,1,"Entregue",1727.46,2,"Sudeste","Travessa das Palmeiras, 789, Savassi, Belo Horizonte, 30100-000","DataPedido",2024-09-11,NA,"30100-000"
"124",162,1,"Entregue",1727.46,2,"Sudeste","Travessa das Palmeiras, 789, Savassi, Belo Horizonte, 30100-000","DataEntrega",2024-10-01,NA,"30100-000"
"125",163,19,"Entregue",1735.69,2,"Sul","Rua das Araucárias, 123, Centro, Curitiba, 80000-000","DataPedido",2024-09-12,NA,"80000-000"
"126",163,19,"Entregue",1735.69,2,"Sul","Rua das Araucárias, 123, Centro, Curitiba, 80000-000","DataEntrega",2024-09-20,NA,"80000-000"
"127",164,10,"Entregue",2004.95,1,"Sul","Avenida Farrapos, 456, Floresta, Porto Alegre, 90200-000","DataPedido",2024-09-13,NA,"90200-000"
"128",164,10,"Entregue",2004.95,1,"Sul","Avenida Farrapos, 456, Floresta, Porto Alegre, 90200-000","DataEntrega",2024-09-29,NA,"90200-000"
"129",165,3,"Entregue",2758.17,1,"Norte","Avenida Amazonas, 456, Aparecida, Belém, 66000-000","DataPedido",2024-09-14,NA,"66000-000"
"130",165,3,"Entregue",2758.17,1,"Norte","Avenida Amazonas, 456, Aparecida, Belém, 66000-000","DataEntrega",2024-09-29,NA,"66000-000"
"131",166,20,"Entregue",2588.06,1,"Sudeste","Rua da Praia, 123, Copacabana, Rio de Janeiro, 22000-000","DataPedido",2024-09-15,NA,"22000-000"
"132",166,20,"Entregue",2588.06,1,"Sudeste","Rua da Praia, 123, Copacabana, Rio de Janeiro, 22000-000","DataEntrega",2024-10-01,NA,"22000-000"
"133",167,12,"Pendente",1987,1,"Sudeste","Rua da Praia, 123, Copacabana, Rio de Janeiro, 22000-000","DataPedido",2024-09-16,NA,"22000-000"
"134",167,12,"Pendente",1987,1,"Sudeste","Rua da Praia, 123, Copacabana, Rio de Janeiro, 22000-000","DataEntrega",NA,NA,"22000-000"
"135",168,6,"Em trânsito",1785.98,2,"Sudeste","Travessa das Palmeiras, 789, Savassi, Belo Horizonte, 30100-000","DataPedido",2024-09-17,NA,"30100-000"
"136",168,6,"Em trânsito",1785.98,2,"Sudeste","Travessa das Palmeiras, 789, Savassi, Belo Horizonte, 30100-000","DataEntrega",NA,NA,"30100-000"
"137",169,6,"Entregue",2708.46,1,"Sudeste","Avenida Paulista, 456, Bela Vista, São Paulo, 01300-000","DataPedido",2024-09-18,NA,"01300-000"
"138",169,6,"Entregue",2708.46,1,"Sudeste","Avenida Paulista, 456, Bela Vista, São Paulo, 01300-000","DataEntrega",2024-09-28,NA,"01300-000"
"139",170,3,"Entregue",2786.08,2,"Sul","Rua das Araucárias, 123, Centro, Curitiba, 80000-000","DataPedido",2024-09-19,NA,"80000-000"
"140",170,3,"Entregue",2786.08,2,"Sul","Rua das Araucárias, 123, Centro, Curitiba, 80000-000","DataEntrega",2024-10-07,NA,"80000-000"
"141",171,8,"Entregue",2551.92,2,"Sudeste","Rua da Praia, 123, Copacabana, Rio de Janeiro, 22000-000","DataPedido",2024-09-20,NA,"22000-000"
"142",171,8,"Entregue",2551.92,2,"Sudeste","Rua da Praia, 123, Copacabana, Rio de Janeiro, 22000-000","DataEntrega",2024-10-08,NA,"22000-000"
"143",172,19,"Entregue",1554.44,2,"Sudeste","Avenida Paulista, 456, Bela Vista, São Paulo, 01300-000","DataPedido",2024-09-21,NA,"01300-000"
"144",172,19,"Entregue",1554.44,2,"Sudeste","Avenida Paulista, 456, Bela Vista, São Paulo, 01300-000","DataEntrega",2024-10-04,NA,"01300-000"
"145",173,10,"Entregue",2691.01,2,"Centro-Oeste","Rua das Palmeiras, 123, Setor Oeste, Goiânia, 74000-000","DataPedido",2024-09-22,NA,"74000-000"
"146",173,10,"Entregue",2691.01,2,"Centro-Oeste","Rua das Palmeiras, 123, Setor Oeste, Goiânia, 74000-000","DataEntrega",2024-10-10,NA,"74000-000"
"147",174,3,"Pendente",2759.51,1,"Norte","Travessa dos Açaizeiros, 789, Cidade Nova, Rio Branco, 69900-000","DataPedido",2024-09-23,NA,"69900-000"
"148",174,3,"Pendente",2759.51,1,"Norte","Travessa dos Açaizeiros, 789, Cidade Nova, Rio Branco, 69900-000","DataEntrega",NA,NA,"69900-000"
"149",175,20,"Entregue",2338.53,2,"Sudeste","Rua da Praia, 123, Copacabana, Rio de Janeiro, 22000-000","DataPedido",2024-09-24,NA,"22000-000"
"150",175,20,"Entregue",2338.53,2,"Sudeste","Rua da Praia, 123, Copacabana, Rio de Janeiro, 22000-000","DataEntrega",2024-10-08,NA,"22000-000"
"151",176,3,"Pendente",2569.25,2,"Sudeste","Rua da Praia, 123, Copacabana, Rio de Janeiro, 22000-000","DataPedido",2024-09-25,NA,"22000-000"
"152",176,3,"Pendente",2569.25,2,"Sudeste","Rua da Praia, 123, Copacabana, Rio de Janeiro, 22000-000","DataEntrega",NA,NA,"22000-000"
"153",177,6,"Entregue",1523.04,1,"Sul","Rua das Araucárias, 123, Centro, Curitiba, 80000-000","DataPedido",2024-09-26,NA,"80000-000"
"154",177,6,"Entregue",1523.04,1,"Sul","Rua das Araucárias, 123, Centro, Curitiba, 80000-000","DataEntrega",2024-10-16,NA,"80000-000"
"155",178,19,"Entregue",2808.37,2,"Sudeste","Avenida Paulista, 456, Bela Vista, São Paulo, 01300-000","DataPedido",2024-09-27,NA,"01300-000"
"156",178,19,"Entregue",2808.37,2,"Sudeste","Avenida Paulista, 456, Bela Vista, São Paulo, 01300-000","DataEntrega",2024-10-04,NA,"01300-000"
"157",179,10,"Entregue",1879.46,2,"Sudeste","Rua da Praia, 123, Copacabana, Rio de Janeiro, 22000-000","DataPedido",2024-09-28,NA,"22000-000"
"158",179,10,"Entregue",1879.46,2,"Sudeste","Rua da Praia, 123, Copacabana, Rio de Janeiro, 22000-000","DataEntrega",2024-10-08,NA,"22000-000"
"159",180,19,"Entregue",1540.84,1,"Sudeste","Travessa das Palmeiras, 789, Savassi, Belo Horizonte, 30100-000","DataPedido",2024-09-29,NA,"30100-000"
"160",180,19,"Entregue",1540.84,1,"Sudeste","Travessa das Palmeiras, 789, Savassi, Belo Horizonte, 30100-000","DataEntrega",2024-10-07,NA,"30100-000"
"161",181,14,"Entregue",1630.37,1,"Sudeste","Travessa das Palmeiras, 789, Savassi, Belo Horizonte, 30100-000","DataPedido",2024-09-30,NA,"30100-000"
"162",181,14,"Entregue",1630.37,1,"Sudeste","Travessa das Palmeiras, 789, Savassi, Belo Horizonte, 30100-000","DataEntrega",2024-10-14,NA,"30100-000"
"163",182,14,"Entregue",2105.14,1,"Centro-Oeste","Avenida Brasília, 456, Asa Norte, Brasília, 70000-000","DataPedido",2024-10-01,NA,"70000-000"
"164",182,14,"Entregue",2105.14,1,"Centro-Oeste","Avenida Brasília, 456, Asa Norte, Brasília, 70000-000","DataEntrega",2024-10-11,NA,"70000-000"
"165",183,10,"Pendente",2766.34,1,"Sudeste","Avenida Paulista, 456, Bela Vista, São Paulo, 01300-000","DataPedido",2024-10-02,NA,"01300-000"
"166",183,10,"Pendente",2766.34,1,"Sudeste","Avenida Paulista, 456, Bela Vista, São Paulo, 01300-000","DataEntrega",NA,NA,"01300-000"
"167",184,10,"Entregue",2465.22,1,"Nordeste","Avenida Atlântica, 456, Meireles, Fortaleza, 60100-000","DataPedido",2024-10-03,NA,"60100-000"
"168",184,10,"Entregue",2465.22,1,"Nordeste","Avenida Atlântica, 456, Meireles, Fortaleza, 60100-000","DataEntrega",2024-10-23,NA,"60100-000"
"169",185,7,"Entregue",1563.32,2,"Sul","Rua das Araucárias, 123, Centro, Curitiba, 80000-000","DataPedido",2024-10-04,NA,"80000-000"
"170",185,7,"Entregue",1563.32,2,"Sul","Rua das Araucárias, 123, Centro, Curitiba, 80000-000","DataEntrega",2024-10-16,NA,"80000-000"
"171",186,9,"Entregue",2243.55,2,"Sudeste","Travessa das Palmeiras, 789, Savassi, Belo Horizonte, 30100-000","DataPedido",2024-10-05,NA,"30100-000"
"172",186,9,"Entregue",2243.55,2,"Sudeste","Travessa das Palmeiras, 789, Savassi, Belo Horizonte, 30100-000","DataEntrega",2024-10-17,NA,"30100-000"
"173",187,19,"Pendente",1638.43,1,"Sul","Rua das Araucárias, 123, Centro, Curitiba, 80000-000","DataPedido",2024-10-06,NA,"80000-000"
"174",187,19,"Pendente",1638.43,1,"Sul","Rua das Araucárias, 123, Centro, Curitiba, 80000-000","DataEntrega",NA,NA,"80000-000"
"175",188,3,"Entregue",2316.85,1,"Sudeste","Rua da Praia, 123, Copacabana, Rio de Janeiro, 22000-000","DataPedido",2024-10-07,NA,"22000-000"
"176",188,3,"Entregue",2316.85,1,"Sudeste","Rua da Praia, 123, Copacabana, Rio de Janeiro, 22000-000","DataEntrega",2024-10-17,NA,"22000-000"
"177",189,6,"Entregue",2149.88,2,"Sul","Travessa das Hortênsias, 789, Centro, Florianópolis, 88000-000","DataPedido",2024-10-08,NA,"88000-000"
"178",189,6,"Entregue",2149.88,2,"Sul","Travessa das Hortênsias, 789, Centro, Florianópolis, 88000-000","DataEntrega",2024-10-20,NA,"88000-000"
"179",190,13,"Entregue",2103.36,2,"Sudeste","Avenida Paulista, 456, Bela Vista, São Paulo, 01300-000","DataPedido",2024-10-09,NA,"01300-000"
"180",190,13,"Entregue",2103.36,2,"Sudeste","Avenida Paulista, 456, Bela Vista, São Paulo, 01300-000","DataEntrega",2024-10-28,NA,"01300-000"
"181",191,16,"Entregue",2212.78,2,"Sudeste","Rua da Praia, 123, Copacabana, Rio de Janeiro, 22000-000","DataPedido",2024-10-10,NA,"22000-000"
"182",191,16,"Entregue",2212.78,2,"Sudeste","Rua da Praia, 123, Copacabana, Rio de Janeiro, 22000-000","DataEntrega",2024-10-18,NA,"22000-000"
"183",192,16,"Entregue",1789.25,2,"Sul","Travessa das Hortênsias, 789, Centro, Florianópolis, 88000-000","DataPedido",2024-10-11,NA,"88000-000"
"184",192,16,"Entregue",1789.25,2,"Sul","Travessa das Hortênsias, 789, Centro, Florianópolis, 88000-000","DataEntrega",2024-10-27,NA,"88000-000"
"185",193,8,"Entregue",1935.95,1,"Sudeste","Avenida Paulista, 456, Bela Vista, São Paulo, 01300-000","DataPedido",2024-10-12,NA,"01300-000"
"186",193,8,"Entregue",1935.95,1,"Sudeste","Avenida Paulista, 456, Bela Vista, São Paulo, 01300-000","DataEntrega",2024-10-30,NA,"01300-000"
"187",194,13,"Pendente",1823.32,2,"Sudeste","Avenida Paulista, 456, Bela Vista, São Paulo, 01300-000","DataPedido",2024-10-13,NA,"01300-000"
"188",194,13,"Pendente",1823.32,2,"Sudeste","Avenida Paulista, 456, Bela Vista, São Paulo, 01300-000","DataEntrega",NA,NA,"01300-000"
"189",195,14,"Entregue",2562.26,1,"Sudeste","Travessa das Palmeiras, 789, Savassi, Belo Horizonte, 30100-000","DataPedido",2024-10-14,NA,"30100-000"
"190",195,14,"Entregue",2562.26,1,"Sudeste","Travessa das Palmeiras, 789, Savassi, Belo Horizonte, 30100-000","DataEntrega",2024-10-30,NA,"30100-000"
"191",196,20,"Pendente",2819.31,1,"Sudeste","Travessa das Palmeiras, 789, Savassi, Belo Horizonte, 30100-000","DataPedido",2024-10-15,NA,"30100-000"
"192",196,20,"Pendente",2819.31,1,"Sudeste","Travessa das Palmeiras, 789, Savassi, Belo Horizonte, 30100-000","DataEntrega",NA,NA,"30100-000"
"193",197,13,"Pendente",1772.43,2,"Centro-Oeste","Travessa dos Buritis, 789, Jardim Goiás, Cuiabá, 78000-000","DataPedido",2024-10-16,NA,"78000-000"
"194",197,13,"Pendente",1772.43,2,"Centro-Oeste","Travessa dos Buritis, 789, Jardim Goiás, Cuiabá, 78000-000","DataEntrega",NA,NA,"78000-000"
"195",198,20,"Pendente",2534.05,2,"Sudeste","Travessa das Palmeiras, 789, Savassi, Belo Horizonte, 30100-000","DataPedido",2024-10-17,NA,"30100-000"
"196",198,20,"Pendente",2534.05,2,"Sudeste","Travessa das Palmeiras, 789, Savassi, Belo Horizonte, 30100-000","DataEntrega",NA,NA,"30100-000"
"197",199,14,"Entregue",2397.73,1,"Sul","Rua das Araucárias, 123, Centro, Curitiba, 80000-000","DataPedido",2024-10-18,NA,"80000-000"
"198",199,14,"Entregue",2397.73,1,"Sul","Rua das Araucárias, 123, Centro, Curitiba, 80000-000","DataEntrega",2024-11-01,NA,"80000-000"
"199",200,1,"Entregue",2636.37,2,"Sul","Avenida Farrapos, 456, Floresta, Porto Alegre, 90200-000","DataPedido",2024-10-19,NA,"90200-000"
"200",200,1,"Entregue",2636.37,2,"Sul","Avenida Farrapos, 456, Floresta, Porto Alegre, 90200-000","DataEntrega",2024-11-08,NA,"90200-000"
"201",201,7,"Em trânsito",1754.73,2,"Sul","Travessa das Hortênsias, 789, Centro, Florianópolis, 88000-000","DataPedido",2024-10-20,NA,"88000-000"
"202",201,7,"Em trânsito",1754.73,2,"Sul","Travessa das Hortênsias, 789, Centro, Florianópolis, 88000-000","DataEntrega",NA,NA,"88000-000"
"203",202,20,"Pendente",1561.51,2,"Sudeste","Avenida Paulista, 456, Bela Vista, São Paulo, 01300-000","DataPedido",2024-10-21,NA,"01300-000"
"204",202,20,"Pendente",1561.51,2,"Sudeste","Avenida Paulista, 456, Bela Vista, São Paulo, 01300-000","DataEntrega",NA,NA,"01300-000"
"205",203,9,"Entregue",2030.37,1,"Sudeste","Rua da Praia, 123, Copacabana, Rio de Janeiro, 22000-000","DataPedido",2024-10-22,NA,"22000-000"
"206",203,9,"Entregue",2030.37,1,"Sudeste","Rua da Praia, 123, Copacabana, Rio de Janeiro, 22000-000","DataEntrega",2024-11-06,NA,"22000-000"
"207",204,7,"Entregue",2226.73,2,"Norte","Travessa dos Açaizeiros, 789, Cidade Nova, Rio Branco, 69900-000","DataPedido",2024-10-23,NA,"69900-000"
"208",204,7,"Entregue",2226.73,2,"Norte","Travessa dos Açaizeiros, 789, Cidade Nova, Rio Branco, 69900-000","DataEntrega",2024-11-12,NA,"69900-000"
"209",205,3,"Entregue",2868.12,2,"Centro-Oeste","Rua das Palmeiras, 123, Setor Oeste, Goiânia, 74000-000","DataPedido",2024-10-24,NA,"74000-000"
"210",205,3,"Entregue",2868.12,2,"Centro-Oeste","Rua das Palmeiras, 123, Setor Oeste, Goiânia, 74000-000","DataEntrega",2024-11-07,NA,"74000-000"
"211",206,6,"Entregue",2781.33,1,"Centro-Oeste","Travessa dos Buritis, 789, Jardim Goiás, Cuiabá, 78000-000","DataPedido",2024-10-25,NA,"78000-000"
"212",206,6,"Entregue",2781.33,1,"Centro-Oeste","Travessa dos Buritis, 789, Jardim Goiás, Cuiabá, 78000-000","DataEntrega",2024-11-05,NA,"78000-000"
"213",207,9,"Entregue",2922.65,2,"Sudeste","Avenida Paulista, 456, Bela Vista, São Paulo, 01300-000","DataPedido",2024-10-26,NA,"01300-000"
"214",207,9,"Entregue",2922.65,2,"Sudeste","Avenida Paulista, 456, Bela Vista, São Paulo, 01300-000","DataEntrega",2024-11-14,NA,"01300-000"
"215",208,10,"Entregue",1544.22,2,"Sudeste","Rua da Praia, 123, Copacabana, Rio de Janeiro, 22000-000","DataPedido",2024-10-27,NA,"22000-000"
"216",208,10,"Entregue",1544.22,2,"Sudeste","Rua da Praia, 123, Copacabana, Rio de Janeiro, 22000-000","DataEntrega",2024-11-04,NA,"22000-000"
"217",209,14,"Em trânsito",2958.79,1,"Sudeste","Avenida Paulista, 456, Bela Vista, São Paulo, 01300-000","DataPedido",2024-10-28,NA,"01300-000"
"218",209,14,"Em trânsito",2958.79,1,"Sudeste","Avenida Paulista, 456, Bela Vista, São Paulo, 01300-000","DataEntrega",NA,NA,"01300-000"
"219",210,8,"Em trânsito",1631.54,2,"Sul","Avenida Farrapos, 456, Floresta, Porto Alegre, 90200-000","DataPedido",2024-10-29,NA,"90200-000"
"220",210,8,"Em trânsito",1631.54,2,"Sul","Avenida Farrapos, 456, Floresta, Porto Alegre, 90200-000","DataEntrega",NA,NA,"90200-000"
"221",211,20,"Entregue",2001.32,2,"Sudeste","Travessa das Palmeiras, 789, Savassi, Belo Horizonte, 30100-000","DataPedido",2024-10-30,NA,"30100-000"
"222",211,20,"Entregue",2001.32,2,"Sudeste","Travessa das Palmeiras, 789, Savassi, Belo Horizonte, 30100-000","DataEntrega",2024-11-15,NA,"30100-000"
"223",212,16,"Pendente",1860.96,2,"Centro-Oeste","Avenida Brasília, 456, Asa Norte, Brasília, 70000-000","DataPedido",2024-10-31,NA,"70000-000"
"224",212,16,"Pendente",1860.96,2,"Centro-Oeste","Avenida Brasília, 456, Asa Norte, Brasília, 70000-000","DataEntrega",NA,NA,"70000-000"
"225",213,12,"Entregue",2889.76,2,"Sudeste","Avenida Paulista, 456, Bela Vista, São Paulo, 01300-000","DataPedido",2024-11-01,NA,"01300-000"
"226",213,12,"Entregue",2889.76,2,"Sudeste","Avenida Paulista, 456, Bela Vista, São Paulo, 01300-000","DataEntrega",2024-11-19,NA,"01300-000"
"227",214,3,"Entregue",1803.82,2,"Norte","Avenida Amazonas, 456, Aparecida, Belém, 66000-000","DataPedido",2024-11-02,NA,"66000-000"
"228",214,3,"Entregue",1803.82,2,"Norte","Avenida Amazonas, 456, Aparecida, Belém, 66000-000","DataEntrega",2024-11-20,NA,"66000-000"
"229",215,12,"Entregue",1553.24,1,"Sul","Rua das Araucárias, 123, Centro, Curitiba, 80000-000","DataPedido",2024-11-03,NA,"80000-000"
"230",215,12,"Entregue",1553.24,1,"Sul","Rua das Araucárias, 123, Centro, Curitiba, 80000-000","DataEntrega",2024-11-21,NA,"80000-000"
"231",216,3,"Pendente",2512.61,1,"Centro-Oeste","Rua das Palmeiras, 123, Setor Oeste, Goiânia, 74000-000","DataPedido",2024-11-04,NA,"74000-000"
"232",216,3,"Pendente",2512.61,1,"Centro-Oeste","Rua das Palmeiras, 123, Setor Oeste, Goiânia, 74000-000","DataEntrega",NA,NA,"74000-000"
"233",217,10,"Entregue",2196.46,1,"Sudeste","Rua da Praia, 123, Copacabana, Rio de Janeiro, 22000-000","DataPedido",2024-11-05,NA,"22000-000"
"234",217,10,"Entregue",2196.46,1,"Sudeste","Rua da Praia, 123, Copacabana, Rio de Janeiro, 22000-000","DataEntrega",2024-11-20,NA,"22000-000"
"235",218,9,"Entregue",2891.94,1,"Sul","Rua das Araucárias, 123, Centro, Curitiba, 80000-000","DataPedido",2024-11-06,NA,"80000-000"
"236",218,9,"Entregue",2891.94,1,"Sul","Rua das Araucárias, 123, Centro, Curitiba, 80000-000","DataEntrega",2024-11-25,NA,"80000-000"
"237",219,3,"Entregue",2544.18,2,"Sul","Travessa das Hortênsias, 789, Centro, Florianópolis, 88000-000","DataPedido",2024-11-07,NA,"88000-000"
"238",219,3,"Entregue",2544.18,2,"Sul","Travessa das Hortênsias, 789, Centro, Florianópolis, 88000-000","DataEntrega",2024-11-26,NA,"88000-000"
"239",220,13,"Entregue",1726.31,1,"Sudeste","Avenida Paulista, 456, Bela Vista, São Paulo, 01300-000","DataPedido",2024-11-08,NA,"01300-000"
"240",220,13,"Entregue",1726.31,1,"Sudeste","Avenida Paulista, 456, Bela Vista, São Paulo, 01300-000","DataEntrega",2024-11-15,NA,"01300-000"
"241",221,14,"Em trânsito",2526.88,2,"Sudeste","Rua da Praia, 123, Copacabana, Rio de Janeiro, 22000-000","DataPedido",2024-08-01,NA,"22000-000"
"242",221,14,"Em trânsito",2526.88,2,"Sudeste","Rua da Praia, 123, Copacabana, Rio de Janeiro, 22000-000","DataEntrega",NA,NA,"22000-000"
"243",222,7,"Entregue",1555.67,NA,"Norte","Travessa dos Açaizeiros, 789, Cidade Nova, Rio Branco, 69900-000","DataPedido",2024-08-02,NA,"69900-000"
"244",222,7,"Entregue",1555.67,NA,"Norte","Travessa dos Açaizeiros, 789, Cidade Nova, Rio Branco, 69900-000","DataEntrega",2024-08-15,NA,"69900-000"
"245",223,19,"Entregue",2923.26,1,"Nordeste","Travessa dos Coqueiros, 789, Boa Viagem, Recife, 51000-000","DataPedido",2024-08-03,NA,"51000-000"
"246",223,19,"Entregue",2923.26,1,"Nordeste","Travessa dos Coqueiros, 789, Boa Viagem, Recife, 51000-000","DataEntrega",2024-08-18,NA,"51000-000"
"247",224,10,"Entregue",2698.05,NA,"Sudeste","Travessa das Palmeiras, 789, Savassi, Belo Horizonte, 30100-000","DataPedido",2024-08-04,NA,"30100-000"
"248",224,10,"Entregue",2698.05,NA,"Sudeste","Travessa das Palmeiras, 789, Savassi, Belo Horizonte, 30100-000","DataEntrega",2024-08-18,NA,"30100-000"
"249",225,3,"Entregue",2318.7,1,"Sudeste","Avenida Paulista, 456, Bela Vista, São Paulo, 01300-000","DataPedido",2024-08-05,NA,"01300-000"
"250",225,3,"Entregue",2318.7,1,"Sudeste","Avenida Paulista, 456, Bela Vista, São Paulo, 01300-000","DataEntrega",2024-08-12,NA,"01300-000"
"251",226,1,"Entregue",2476.84,NA,"Sul","Avenida Farrapos, 456, Floresta, Porto Alegre, 90200-000","DataPedido",2024-08-06,NA,"90200-000"
"252",226,1,"Entregue",2476.84,NA,"Sul","Avenida Farrapos, 456, Floresta, Porto Alegre, 90200-000","DataEntrega",2024-08-24,NA,"90200-000"
"253",227,12,"Entregue",2249.22,2,"Nordeste","Rua dos Ventos, 123, Pituba, Salvador, 40000-000","DataPedido",2024-08-07,NA,"40000-000"
"254",227,12,"Entregue",2249.22,2,"Nordeste","Rua dos Ventos, 123, Pituba, Salvador, 40000-000","DataEntrega",2024-08-21,NA,"40000-000"
"255",228,16,"Pendente",2918.32,NA,"Sudeste","Avenida Paulista, 456, Bela Vista, São Paulo, 01300-000","DataPedido",2024-08-08,NA,"01300-000"
"256",228,16,"Pendente",2918.32,NA,"Sudeste","Avenida Paulista, 456, Bela Vista, São Paulo, 01300-000","DataEntrega",NA,NA,"01300-000"
"257",229,6,"Entregue",1721.34,1,"Sudeste","Avenida Paulista, 456, Bela Vista, São Paulo, 01300-000","DataPedido",2024-08-09,NA,"01300-000"
"258",229,6,"Entregue",1721.34,1,"Sudeste","Avenida Paulista, 456, Bela Vista, São Paulo, 01300-000","DataEntrega",2024-08-26,NA,"01300-000"
"259",230,3,"Entregue",2574.61,2,"Sudeste","Travessa das Palmeiras, 789, Savassi, Belo Horizonte, 30100-000","DataPedido",2024-08-10,NA,"30100-000"
"260",230,3,"Entregue",2574.61,2,"Sudeste","Travessa das Palmeiras, 789, Savassi, Belo Horizonte, 30100-000","DataEntrega",2024-08-19,NA,"30100-000"
"261",231,12,"Entregue",2749.63,NA,"Sul","Rua das Araucárias, 123, Centro, Curitiba, 80000-000","DataPedido",2024-08-11,NA,"80000-000"
"262",231,12,"Entregue",2749.63,NA,"Sul","Rua das Araucárias, 123, Centro, Curitiba, 80000-000","DataEntrega",2024-08-18,NA,"80000-000"
"263",232,9,"Entregue",2567.39,2,"Sul","Rua das Araucárias, 123, Centro, Curitiba, 80000-000","DataPedido",2024-08-12,NA,"80000-000"
"264",232,9,"Entregue",2567.39,2,"Sul","Rua das Araucárias, 123, Centro, Curitiba, 80000-000","DataEntrega",2024-08-26,NA,"80000-000"
"265",233,9,"Em trânsito",1726.22,1,"Sudeste","Avenida Paulista, 456, Bela Vista, São Paulo, 01300-000","DataPedido",2024-08-13,NA,"01300-000"
"266",233,9,"Em trânsito",1726.22,1,"Sudeste","Avenida Paulista, 456, Bela Vista, São Paulo, 01300-000","DataEntrega",NA,NA,"01300-000"
"267",234,19,"Entregue",2782.88,2,"Norte","Travessa dos Açaizeiros, 789, Cidade Nova, Rio Branco, 69900-000","DataPedido",2024-08-14,NA,"69900-000"
"268",234,19,"Entregue",2782.88,2,"Norte","Travessa dos Açaizeiros, 789, Cidade Nova, Rio Branco, 69900-000","DataEntrega",2024-08-23,NA,"69900-000"
"269",235,3,"Entregue",2128.85,2,"Sul","Rua das Araucárias, 123, Centro, Curitiba, 80000-000","DataPedido",2024-08-15,NA,"80000-000"
"270",235,3,"Entregue",2128.85,2,"Sul","Rua das Araucárias, 123, Centro, Curitiba, 80000-000","DataEntrega",2024-08-22,NA,"80000-000"
"271",236,12,"Entregue",1899.21,NA,"Sudeste","Travessa das Palmeiras, 789, Savassi, Belo Horizonte, 30100-000","DataPedido",2024-08-16,NA,"30100-000"
"272",236,12,"Entregue",1899.21,NA,"Sudeste","Travessa das Palmeiras, 789, Savassi, Belo Horizonte, 30100-000","DataEntrega",2024-09-02,NA,"30100-000"
"273",237,10,"Entregue",2053.14,2,"Sudeste","Rua da Praia, 123, Copacabana, Rio de Janeiro, 22000-000","DataPedido",2024-08-17,NA,"22000-000"
"274",237,10,"Entregue",2053.14,2,"Sudeste","Rua da Praia, 123, Copacabana, Rio de Janeiro, 22000-000","DataEntrega",2024-08-28,NA,"22000-000"
"275",238,10,"Entregue",2374.84,2,"Sudeste","Avenida Paulista, 456, Bela Vista, São Paulo, 01300-000","DataPedido",2024-08-18,NA,"01300-000"
"276",238,10,"Entregue",2374.84,2,"Sudeste","Avenida Paulista, 456, Bela Vista, São Paulo, 01300-000","DataEntrega",2024-09-03,NA,"01300-000"
"277",239,9,"Pendente",1900.42,1,"Norte","Avenida Amazonas, 456, Aparecida, Belém, 66000-000","DataPedido",2024-08-19,NA,"66000-000"
"278",239,9,"Pendente",1900.42,1,"Norte","Avenida Amazonas, 456, Aparecida, Belém, 66000-000","DataEntrega",NA,NA,"66000-000"
"279",240,19,"Entregue",2084.66,2,"Sul","Travessa das Hortênsias, 789, Centro, Florianópolis, 88000-000","DataPedido",2024-08-20,NA,"88000-000"
"280",240,19,"Entregue",2084.66,2,"Sul","Travessa das Hortênsias, 789, Centro, Florianópolis, 88000-000","DataEntrega",2024-09-05,NA,"88000-000"
"281",241,10,"Entregue",1941.35,2,"Sul","Travessa das Hortênsias, 789, Centro, Florianópolis, 88000-000","DataPedido",2024-08-21,NA,"88000-000"
"282",241,10,"Entregue",1941.35,2,"Sul","Travessa das Hortênsias, 789, Centro, Florianópolis, 88000-000","DataEntrega",2024-09-05,NA,"88000-000"
"283",242,10,"Em trânsito",2645.23,1,"Sul","Travessa das Hortênsias, 789, Centro, Florianópolis, 88000-000","DataPedido",2024-08-22,NA,"88000-000"
"284",242,10,"Em trânsito",2645.23,1,"Sul","Travessa das Hortênsias, 789, Centro, Florianópolis, 88000-000","DataEntrega",NA,NA,"88000-000"
"285",243,1,"Em trânsito",1559.29,1,"Sul","Avenida Farrapos, 456, Floresta, Porto Alegre, 90200-000","DataPedido",2024-08-23,NA,"90200-000"
"286",243,1,"Em trânsito",1559.29,1,"Sul","Avenida Farrapos, 456, Floresta, Porto Alegre, 90200-000","DataEntrega",NA,NA,"90200-000"
"287",244,6,"Entregue",2770.23,2,"Nordeste","Avenida Atlântica, 456, Meireles, Fortaleza, 60100-000","DataPedido",2024-08-24,NA,"60100-000"
"288",244,6,"Entregue",2770.23,2,"Nordeste","Avenida Atlântica, 456, Meireles, Fortaleza, 60100-000","DataEntrega",2024-09-08,NA,"60100-000"
"289",245,3,"Entregue",1986.57,1,"Sudeste","Travessa das Palmeiras, 789, Savassi, Belo Horizonte, 30100-000","DataPedido",2024-08-25,NA,"30100-000"
"290",245,3,"Entregue",1986.57,1,"Sudeste","Travessa das Palmeiras, 789, Savassi, Belo Horizonte, 30100-000","DataEntrega",2024-09-08,NA,"30100-000"
"291",246,12,"Entregue",2418.1,NA,"Sul","Avenida Farrapos, 456, Floresta, Porto Alegre, 90200-000","DataPedido",2024-08-26,NA,"90200-000"
"292",246,12,"Entregue",2418.1,NA,"Sul","Avenida Farrapos, 456, Floresta, Porto Alegre, 90200-000","DataEntrega",2024-09-13,NA,"90200-000"
"293",247,7,"Entregue",1555.94,1,"Sudeste","Travessa das Palmeiras, 789, Savassi, Belo Horizonte, 30100-000","DataPedido",2024-08-27,NA,"30100-000"
"294",247,7,"Entregue",1555.94,1,"Sudeste","Travessa das Palmeiras, 789, Savassi, Belo Horizonte, 30100-000","DataEntrega",2024-09-04,NA,"30100-000"
"295",248,12,"Entregue",2692.37,2,"Sudeste","Travessa das Palmeiras, 789, Savassi, Belo Horizonte, 30100-000","DataPedido",2024-08-28,NA,"30100-000"
"296",248,12,"Entregue",2692.37,2,"Sudeste","Travessa das Palmeiras, 789, Savassi, Belo Horizonte, 30100-000","DataEntrega",2024-09-04,NA,"30100-000"
"297",249,3,"Pendente",2939.19,1,"Sudeste","Travessa das Palmeiras, 789, Savassi, Belo Horizonte, 30100-000","DataPedido",2024-08-29,NA,"30100-000"
"298",249,3,"Pendente",2939.19,1,"Sudeste","Travessa das Palmeiras, 789, Savassi, Belo Horizonte, 30100-000","DataEntrega",NA,NA,"30100-000"
"299",250,10,"Entregue",2571.23,1,"Sudeste","Travessa das Palmeiras, 789, Savassi, Belo Horizonte, 30100-000","DataPedido",2024-08-30,NA,"30100-000"
"300",250,10,"Entregue",2571.23,1,"Sudeste","Travessa das Palmeiras, 789, Savassi, Belo Horizonte, 30100-000","DataEntrega",2024-09-12,NA,"30100-000"
"301",251,8,"Entregue",2976.88,NA,"Sudeste","Avenida Paulista, 456, Bela Vista, São Paulo, 01300-000","DataPedido",2024-08-31,NA,"01300-000"
"302",251,8,"Entregue",2976.88,NA,"Sudeste","Avenida Paulista, 456, Bela Vista, São Paulo, 01300-000","DataEntrega",2024-09-20,NA,"01300-000"
"303",252,19,"Entregue",2211.35,NA,"Sudeste","Travessa das Palmeiras, 789, Savassi, Belo Horizonte, 30100-000","DataPedido",2024-09-01,NA,"30100-000"
"304",252,19,"Entregue",2211.35,NA,"Sudeste","Travessa das Palmeiras, 789, Savassi, Belo Horizonte, 30100-000","DataEntrega",2024-09-15,NA,"30100-000"
"305",253,13,"Entregue",2881.7,2,"Norte","Avenida Amazonas, 456, Aparecida, Belém, 66000-000","DataPedido",2024-09-02,NA,"66000-000"
"306",253,13,"Entregue",2881.7,2,"Norte","Avenida Amazonas, 456, Aparecida, Belém, 66000-000","DataEntrega",2024-09-13,NA,"66000-000"
"307",254,13,"Entregue",2583.9,2,"Sudeste","Travessa das Palmeiras, 789, Savassi, Belo Horizonte, 30100-000","DataPedido",2024-09-03,NA,"30100-000"
"308",254,13,"Entregue",2583.9,2,"Sudeste","Travessa das Palmeiras, 789, Savassi, Belo Horizonte, 30100-000","DataEntrega",2024-09-12,NA,"30100-000"
"309",255,6,"Em trânsito",2865.8,NA,"Sudeste","Rua da Praia, 123, Copacabana, Rio de Janeiro, 22000-000","DataPedido",2024-09-04,NA,"22000-000"
"310",255,6,"Em trânsito",2865.8,NA,"Sudeste","Rua da Praia, 123, Copacabana, Rio de Janeiro, 22000-000","DataEntrega",NA,NA,"22000-000"
"311",256,6,"Entregue",2275.27,NA,"Nordeste","Avenida Atlântica, 456, Meireles, Fortaleza, 60100-000","DataPedido",2024-09-05,NA,"60100-000"
"312",256,6,"Entregue",2275.27,NA,"Nordeste","Avenida Atlântica, 456, Meireles, Fortaleza, 60100-000","DataEntrega",2024-09-19,NA,"60100-000"
"313",257,8,"Entregue",2266.94,NA,"Centro-Oeste","Travessa dos Buritis, 789, Jardim Goiás, Cuiabá, 78000-000","DataPedido",2024-09-06,NA,"78000-000"
"314",257,8,"Entregue",2266.94,NA,"Centro-Oeste","Travessa dos Buritis, 789, Jardim Goiás, Cuiabá, 78000-000","DataEntrega",2024-09-18,NA,"78000-000"
"315",258,6,"Entregue",1671.3,2,"Sudeste","Travessa das Palmeiras, 789, Savassi, Belo Horizonte, 30100-000","DataPedido",2024-09-07,NA,"30100-000"
"316",258,6,"Entregue",1671.3,2,"Sudeste","Travessa das Palmeiras, 789, Savassi, Belo Horizonte, 30100-000","DataEntrega",2024-09-24,NA,"30100-000"
"317",259,16,"Entregue",2899.05,1,"Sul","Travessa das Hortênsias, 789, Centro, Florianópolis, 88000-000","DataPedido",2024-09-08,NA,"88000-000"
"318",259,16,"Entregue",2899.05,1,"Sul","Travessa das Hortênsias, 789, Centro, Florianópolis, 88000-000","DataEntrega",2024-09-17,NA,"88000-000"
"319",260,7,"Entregue",2948.75,2,"Sul","Rua das Araucárias, 123, Centro, Curitiba, 80000-000","DataPedido",2024-09-09,NA,"80000-000"
"320",260,7,"Entregue",2948.75,2,"Sul","Rua das Araucárias, 123, Centro, Curitiba, 80000-000","DataEntrega",2024-09-16,NA,"80000-000"
"321",261,3,"Entregue",2757.3,2,"Sudeste","Rua da Praia, 123, Copacabana, Rio de Janeiro, 22000-000","DataPedido",2024-09-10,NA,"22000-000"
"322",261,3,"Entregue",2757.3,2,"Sudeste","Rua da Praia, 123, Copacabana, Rio de Janeiro, 22000-000","DataEntrega",2024-09-19,NA,"22000-000"
"323",262,3,"Entregue",2593.57,1,"Norte","Rua das Flores, 123, Centro, Manaus, 69000-000","DataPedido",2024-09-11,NA,"69000-000"
"324",262,3,"Entregue",2593.57,1,"Norte","Rua das Flores, 123, Centro, Manaus, 69000-000","DataEntrega",2024-09-22,NA,"69000-000"
"325",263,13,"Entregue",1716.35,1,"Centro-Oeste","Rua das Palmeiras, 123, Setor Oeste, Goiânia, 74000-000","DataPedido",2024-09-12,NA,"74000-000"
"326",263,13,"Entregue",1716.35,1,"Centro-Oeste","Rua das Palmeiras, 123, Setor Oeste, Goiânia, 74000-000","DataEntrega",2024-10-02,NA,"74000-000"
"327",264,19,"Entregue",2897.38,1,"Sudeste","Avenida Paulista, 456, Bela Vista, São Paulo, 01300-000","DataPedido",2024-09-13,NA,"01300-000"
"328",264,19,"Entregue",2897.38,1,"Sudeste","Avenida Paulista, 456, Bela Vista, São Paulo, 01300-000","DataEntrega",2024-09-22,NA,"01300-000"
"329",265,19,"Entregue",2109.45,NA,"Sudeste","Rua da Praia, 123, Copacabana, Rio de Janeiro, 22000-000","DataPedido",2024-09-14,NA,"22000-000"
"330",265,19,"Entregue",2109.45,NA,"Sudeste","Rua da Praia, 123, Copacabana, Rio de Janeiro, 22000-000","DataEntrega",2024-09-21,NA,"22000-000"
"331",266,7,"Entregue",2183.38,2,"Norte","Avenida Amazonas, 456, Aparecida, Belém, 66000-000","DataPedido",2024-09-15,NA,"66000-000"
"332",266,7,"Entregue",2183.38,2,"Norte","Avenida Amazonas, 456, Aparecida, Belém, 66000-000","DataEntrega",2024-09-26,NA,"66000-000"
"333",267,6,"Entregue",2496.67,2,"Sul","Avenida Farrapos, 456, Floresta, Porto Alegre, 90200-000","DataPedido",2024-09-16,NA,"90200-000"
"334",267,6,"Entregue",2496.67,2,"Sul","Avenida Farrapos, 456, Floresta, Porto Alegre, 90200-000","DataEntrega",2024-10-02,NA,"90200-000"
"335",268,13,"Entregue",2734.39,1,"Sul","Travessa das Hortênsias, 789, Centro, Florianópolis, 88000-000","DataPedido",2024-09-17,NA,"88000-000"
"336",268,13,"Entregue",2734.39,1,"Sul","Travessa das Hortênsias, 789, Centro, Florianópolis, 88000-000","DataEntrega",2024-09-30,NA,"88000-000"
"337",269,10,"Entregue",2372.5,1,"Sul","Travessa das Hortênsias, 789, Centro, Florianópolis, 88000-000","DataPedido",2024-09-18,NA,"88000-000"
"338",269,10,"Entregue",2372.5,1,"Sul","Travessa das Hortênsias, 789, Centro, Florianópolis, 88000-000","DataEntrega",2024-10-08,NA,"88000-000"
"339",270,13,"Entregue",1900.19,1,"Sul","Avenida Farrapos, 456, Floresta, Porto Alegre, 90200-000","DataPedido",2024-09-19,NA,"90200-000"
"340",270,13,"Entregue",1900.19,1,"Sul","Avenida Farrapos, 456, Floresta, Porto Alegre, 90200-000","DataEntrega",2024-10-02,NA,"90200-000"
"341",271,19,"Entregue",1970.05,1,"Norte","Travessa dos Açaizeiros, 789, Cidade Nova, Rio Branco, 69900-000","DataPedido",2024-09-20,NA,"69900-000"
"342",271,19,"Entregue",1970.05,1,"Norte","Travessa dos Açaizeiros, 789, Cidade Nova, Rio Branco, 69900-000","DataEntrega",2024-10-07,NA,"69900-000"
"343",272,19,"Entregue",2556.87,2,"Norte","Travessa dos Açaizeiros, 789, Cidade Nova, Rio Branco, 69900-000","DataPedido",2024-09-21,NA,"69900-000"
"344",272,19,"Entregue",2556.87,2,"Norte","Travessa dos Açaizeiros, 789, Cidade Nova, Rio Branco, 69900-000","DataEntrega",2024-10-06,NA,"69900-000"
"345",273,16,"Pendente",2266.91,1,"Centro-Oeste","Avenida Brasília, 456, Asa Norte, Brasília, 70000-000","DataPedido",2024-09-22,NA,"70000-000"
"346",273,16,"Pendente",2266.91,1,"Centro-Oeste","Avenida Brasília, 456, Asa Norte, Brasília, 70000-000","DataEntrega",NA,NA,"70000-000"
"347",274,19,"Entregue",2109.11,2,"Sul","Avenida Farrapos, 456, Floresta, Porto Alegre, 90200-000","DataPedido",2024-09-23,NA,"90200-000"
"348",274,19,"Entregue",2109.11,2,"Sul","Avenida Farrapos, 456, Floresta, Porto Alegre, 90200-000","DataEntrega",2024-10-09,NA,"90200-000"
"349",275,19,"Entregue",2188.89,NA,"Centro-Oeste","Avenida Brasília, 456, Asa Norte, Brasília, 70000-000","DataPedido",2024-09-24,NA,"70000-000"
"350",275,19,"Entregue",2188.89,NA,"Centro-Oeste","Avenida Brasília, 456, Asa Norte, Brasília, 70000-000","DataEntrega",2024-10-12,NA,"70000-000"
"351",276,16,"Em trânsito",2566.37,NA,"Sul","Rua das Araucárias, 123, Centro, Curitiba, 80000-000","DataPedido",2024-09-25,NA,"80000-000"
"352",276,16,"Em trânsito",2566.37,NA,"Sul","Rua das Araucárias, 123, Centro, Curitiba, 80000-000","DataEntrega",NA,NA,"80000-000"
"353",277,14,"Entregue",1652.85,2,"Sul","Avenida Farrapos, 456, Floresta, Porto Alegre, 90200-000","DataPedido",2024-09-26,NA,"90200-000"
"354",277,14,"Entregue",1652.85,2,"Sul","Avenida Farrapos, 456, Floresta, Porto Alegre, 90200-000","DataEntrega",2024-10-05,NA,"90200-000"
"355",278,8,"Entregue",1948.93,2,"Sudeste","Avenida Paulista, 456, Bela Vista, São Paulo, 01300-000","DataPedido",2024-09-27,NA,"01300-000"
"356",278,8,"Entregue",1948.93,2,"Sudeste","Avenida Paulista, 456, Bela Vista, São Paulo, 01300-000","DataEntrega",2024-10-10,NA,"01300-000"
"357",279,14,"Entregue",2177.88,1,"Centro-Oeste","Travessa dos Buritis, 789, Jardim Goiás, Cuiabá, 78000-000","DataPedido",2024-09-28,NA,"78000-000"
"358",279,14,"Entregue",2177.88,1,"Centro-Oeste","Travessa dos Buritis, 789, Jardim Goiás, Cuiabá, 78000-000","DataEntrega",2024-10-05,NA,"78000-000"
"359",280,16,"Entregue",1512.12,NA,"Centro-Oeste","Travessa dos Buritis, 789, Jardim Goiás, Cuiabá, 78000-000","DataPedido",2024-09-29,NA,"78000-000"
"360",280,16,"Entregue",1512.12,NA,"Centro-Oeste","Travessa dos Buritis, 789, Jardim Goiás, Cuiabá, 78000-000","DataEntrega",2024-10-09,NA,"78000-000"
"361",281,6,"Em trânsito",1558.71,2,"Sul","Rua das Araucárias, 123, Centro, Curitiba, 80000-000","DataPedido",2024-09-30,NA,"80000-000"
"362",281,6,"Em trânsito",1558.71,2,"Sul","Rua das Araucárias, 123, Centro, Curitiba, 80000-000","DataEntrega",NA,NA,"80000-000"
"363",282,7,"Entregue",2354.38,1,"Centro-Oeste","Rua das Palmeiras, 123, Setor Oeste, Goiânia, 74000-000","DataPedido",2024-10-01,NA,"74000-000"
"364",282,7,"Entregue",2354.38,1,"Centro-Oeste","Rua das Palmeiras, 123, Setor Oeste, Goiânia, 74000-000","DataEntrega",2024-10-11,NA,"74000-000"
"365",283,10,"Entregue",2558.17,2,"Sul","Avenida Farrapos, 456, Floresta, Porto Alegre, 90200-000","DataPedido",2024-10-02,NA,"90200-000"
"366",283,10,"Entregue",2558.17,2,"Sul","Avenida Farrapos, 456, Floresta, Porto Alegre, 90200-000","DataEntrega",2024-10-22,NA,"90200-000"
"367",284,7,"Entregue",2294.47,NA,"Sudeste","Rua da Praia, 123, Copacabana, Rio de Janeiro, 22000-000","DataPedido",2024-10-03,NA,"22000-000"
"368",284,7,"Entregue",2294.47,NA,"Sudeste","Rua da Praia, 123, Copacabana, Rio de Janeiro, 22000-000","DataEntrega",2024-10-14,NA,"22000-000"
"369",285,6,"Entregue",2164.2,1,"Sudeste","Avenida Paulista, 456, Bela Vista, São Paulo, 01300-000","DataPedido",2024-10-04,NA,"01300-000"
"370",285,6,"Entregue",2164.2,1,"Sudeste","Avenida Paulista, 456, Bela Vista, São Paulo, 01300-000","DataEntrega",2024-10-17,NA,"01300-000"
"371",286,19,"Entregue",2308.22,1,"Sudeste","Rua da Praia, 123, Copacabana, Rio de Janeiro, 22000-000","DataPedido",2024-10-05,NA,"22000-000"
"372",286,19,"Entregue",2308.22,1,"Sudeste","Rua da Praia, 123, Copacabana, Rio de Janeiro, 22000-000","DataEntrega",2024-10-18,NA,"22000-000"
"373",287,14,"Entregue",2709.08,1,"Sudeste","Rua da Praia, 123, Copacabana, Rio de Janeiro, 22000-000","DataPedido",2024-10-06,NA,"22000-000"
"374",287,14,"Entregue",2709.08,1,"Sudeste","Rua da Praia, 123, Copacabana, Rio de Janeiro, 22000-000","DataEntrega",2024-10-25,NA,"22000-000"
"375",288,16,"Entregue",2451.23,NA,"Sudeste","Rua da Praia, 123, Copacabana, Rio de Janeiro, 22000-000","DataPedido",2024-10-07,NA,"22000-000"
"376",288,16,"Entregue",2451.23,NA,"Sudeste","Rua da Praia, 123, Copacabana, Rio de Janeiro, 22000-000","DataEntrega",2024-10-24,NA,"22000-000"
"377",289,7,"Entregue",2893.49,2,"Sul","Avenida Farrapos, 456, Floresta, Porto Alegre, 90200-000","DataPedido",2024-10-08,NA,"90200-000"
"378",289,7,"Entregue",2893.49,2,"Sul","Avenida Farrapos, 456, Floresta, Porto Alegre, 90200-000","DataEntrega",2024-10-27,NA,"90200-000"
"379",290,13,"Pendente",2590.09,2,"Sudeste","Travessa das Palmeiras, 789, Savassi, Belo Horizonte, 30100-000","DataPedido",2024-10-09,NA,"30100-000"
"380",290,13,"Pendente",2590.09,2,"Sudeste","Travessa das Palmeiras, 789, Savassi, Belo Horizonte, 30100-000","DataEntrega",NA,NA,"30100-000"
"381",291,13,"Pendente",1867.62,1,"Sul","Rua das Araucárias, 123, Centro, Curitiba, 80000-000","DataPedido",2024-10-10,NA,"80000-000"
"382",291,13,"Pendente",1867.62,1,"Sul","Rua das Araucárias, 123, Centro, Curitiba, 80000-000","DataEntrega",NA,NA,"80000-000"
"383",292,1,"Entregue",1822.29,2,"Sudeste","Travessa das Palmeiras, 789, Savassi, Belo Horizonte, 30100-000","DataPedido",2024-10-11,NA,"30100-000"
"384",292,1,"Entregue",1822.29,2,"Sudeste","Travessa das Palmeiras, 789, Savassi, Belo Horizonte, 30100-000","DataEntrega",2024-10-24,NA,"30100-000"
"385",293,19,"Entregue",1587.99,1,"Sul","Avenida Farrapos, 456, Floresta, Porto Alegre, 90200-000","DataPedido",2024-10-12,NA,"90200-000"
"386",293,19,"Entregue",1587.99,1,"Sul","Avenida Farrapos, 456, Floresta, Porto Alegre, 90200-000","DataEntrega",2024-10-29,NA,"90200-000"
"387",294,20,"Em trânsito",2473.05,1,"Sudeste","Avenida Paulista, 456, Bela Vista, São Paulo, 01300-000","DataPedido",2024-10-13,NA,"01300-000"
"388",294,20,"Em trânsito",2473.05,1,"Sudeste","Avenida Paulista, 456, Bela Vista, São Paulo, 01300-000","DataEntrega",NA,NA,"01300-000"
"389",295,12,"Entregue",2753.36,2,"Sudeste","Travessa das Palmeiras, 789, Savassi, Belo Horizonte, 30100-000","DataPedido",2024-10-14,NA,"30100-000"
"390",295,12,"Entregue",2753.36,2,"Sudeste","Travessa das Palmeiras, 789, Savassi, Belo Horizonte, 30100-000","DataEntrega",2024-10-26,NA,"30100-000"
"391",296,19,"Entregue",2617.37,2,"Sul","Travessa das Hortênsias, 789, Centro, Florianópolis, 88000-000","DataPedido",2024-10-15,NA,"88000-000"
"392",296,19,"Entregue",2617.37,2,"Sul","Travessa das Hortênsias, 789, Centro, Florianópolis, 88000-000","DataEntrega",2024-11-02,NA,"88000-000"
"393",297,7,"Pendente",2227.15,1,"Sul","Avenida Farrapos, 456, Floresta, Porto Alegre, 90200-000","DataPedido",2024-10-16,NA,"90200-000"
"394",297,7,"Pendente",2227.15,1,"Sul","Avenida Farrapos, 456, Floresta, Porto Alegre, 90200-000","DataEntrega",NA,NA,"90200-000"
"395",298,14,"Em trânsito",1643.75,1,"Sudeste","Travessa das Palmeiras, 789, Savassi, Belo Horizonte, 30100-000","DataPedido",2024-10-17,NA,"30100-000"
"396",298,14,"Em trânsito",1643.75,1,"Sudeste","Travessa das Palmeiras, 789, Savassi, Belo Horizonte, 30100-000","DataEntrega",NA,NA,"30100-000"
"397",299,14,"Entregue",2880.21,1,"Norte","Rua das Flores, 123, Centro, Manaus, 69000-000","DataPedido",2024-10-18,NA,"69000-000"
"398",299,14,"Entregue",2880.21,1,"Norte","Rua das Flores, 123, Centro, Manaus, 69000-000","DataEntrega",2024-11-06,NA,"69000-000"
"399",300,14,"Entregue",2540.39,1,"Sudeste","Avenida Paulista, 456, Bela Vista, São Paulo, 01300-000","DataPedido",2024-10-19,NA,"01300-000"
"400",300,14,"Entregue",2540.39,1,"Sudeste","Avenida Paulista, 456, Bela Vista, São Paulo, 01300-000","DataEntrega",2024-11-08,NA,"01300-000"
"401",301,20,"Entregue",1541.21,2,"Sul","Rua das Araucárias, 123, Centro, Curitiba, 80000-000","DataPedido",2024-10-20,NA,"80000-000"
"402",301,20,"Entregue",1541.21,2,"Sul","Rua das Araucárias, 123, Centro, Curitiba, 80000-000","DataEntrega",2024-11-04,NA,"80000-000"
"403",302,12,"Em trânsito",2185.62,NA,"Norte","Travessa dos Açaizeiros, 789, Cidade Nova, Rio Branco, 69900-000","DataPedido",2024-10-21,NA,"69900-000"
"404",302,12,"Em trânsito",2185.62,NA,"Norte","Travessa dos Açaizeiros, 789, Cidade Nova, Rio Branco, 69900-000","DataEntrega",NA,NA,"69900-000"
"405",303,12,"Entregue",2689.35,2,"Sul","Avenida Farrapos, 456, Floresta, Porto Alegre, 90200-000","DataPedido",2024-10-22,NA,"90200-000"
"406",303,12,"Entregue",2689.35,2,"Sul","Avenida Farrapos, 456, Floresta, Porto Alegre, 90200-000","DataEntrega",2024-11-03,NA,"90200-000"
"407",304,8,"Entregue",2659.26,1,"Sul","Avenida Farrapos, 456, Floresta, Porto Alegre, 90200-000","DataPedido",2024-10-23,NA,"90200-000"
"408",304,8,"Entregue",2659.26,1,"Sul","Avenida Farrapos, 456, Floresta, Porto Alegre, 90200-000","DataEntrega",2024-11-10,NA,"90200-000"
"409",305,7,"Entregue",2911.12,2,"Sul","Avenida Farrapos, 456, Floresta, Porto Alegre, 90200-000","DataPedido",2024-10-24,NA,"90200-000"
"410",305,7,"Entregue",2911.12,2,"Sul","Avenida Farrapos, 456, Floresta, Porto Alegre, 90200-000","DataEntrega",2024-11-11,NA,"90200-000"
"411",306,16,"Entregue",1596.62,2,"Sul","Avenida Farrapos, 456, Floresta, Porto Alegre, 90200-000","DataPedido",2024-10-25,NA,"90200-000"
"412",306,16,"Entregue",1596.62,2,"Sul","Avenida Farrapos, 456, Floresta, Porto Alegre, 90200-000","DataEntrega",2024-11-12,NA,"90200-000"
"413",307,9,"Entregue",2653.44,NA,"Nordeste","Travessa dos Coqueiros, 789, Boa Viagem, Recife, 51000-000","DataPedido",2024-10-26,NA,"51000-000"
"414",307,9,"Entregue",2653.44,NA,"Nordeste","Travessa dos Coqueiros, 789, Boa Viagem, Recife, 51000-000","DataEntrega",2024-11-13,NA,"51000-000"
"415",308,9,"Entregue",2994.95,NA,"Sudeste","Travessa das Palmeiras, 789, Savassi, Belo Horizonte, 30100-000","DataPedido",2024-10-27,NA,"30100-000"
"416",308,9,"Entregue",2994.95,NA,"Sudeste","Travessa das Palmeiras, 789, Savassi, Belo Horizonte, 30100-000","DataEntrega",2024-11-06,NA,"30100-000"
"417",309,13,"Entregue",1735.89,NA,"Sudeste","Avenida Paulista, 456, Bela Vista, São Paulo, 01300-000","DataPedido",2024-10-28,NA,"01300-000"
"418",309,13,"Entregue",1735.89,NA,"Sudeste","Avenida Paulista, 456, Bela Vista, São Paulo, 01300-000","DataEntrega",2024-11-17,NA,"01300-000"
"419",310,20,"Em trânsito",2656.3,NA,"Sul","Rua das Araucárias, 123, Centro, Curitiba, 80000-000","DataPedido",2024-10-29,NA,"80000-000"
"420",310,20,"Em trânsito",2656.3,NA,"Sul","Rua das Araucárias, 123, Centro, Curitiba, 80000-000","DataEntrega",NA,NA,"80000-000"
"421",311,14,"Em trânsito",2166.87,NA,"Centro-Oeste","Rua das Palmeiras, 123, Setor Oeste, Goiânia, 74000-000","DataPedido",2024-10-30,NA,"74000-000"
"422",311,14,"Em trânsito",2166.87,NA,"Centro-Oeste","Rua das Palmeiras, 123, Setor Oeste, Goiânia, 74000-000","DataEntrega",NA,NA,"74000-000"
"423",312,19,"Entregue",2253.37,1,"Sul","Travessa das Hortênsias, 789, Centro, Florianópolis, 88000-000","DataPedido",2024-10-31,NA,"88000-000"
"424",312,19,"Entregue",2253.37,1,"Sul","Travessa das Hortênsias, 789, Centro, Florianópolis, 88000-000","DataEntrega",2024-11-16,NA,"88000-000"
"425",313,13,"Entregue",1906.61,2,"Sudeste","Travessa das Palmeiras, 789, Savassi, Belo Horizonte, 30100-000","DataPedido",2024-11-01,NA,"30100-000"
"426",313,13,"Entregue",1906.61,2,"Sudeste","Travessa das Palmeiras, 789, Savassi, Belo Horizonte, 30100-000","DataEntrega",2024-11-14,NA,"30100-000"
"427",314,19,"Entregue",1939.13,1,"Sul","Avenida Farrapos, 456, Floresta, Porto Alegre, 90200-000","DataPedido",2024-11-02,NA,"90200-000"
"428",314,19,"Entregue",1939.13,1,"Sul","Avenida Farrapos, 456, Floresta, Porto Alegre, 90200-000","DataEntrega",2024-11-20,NA,"90200-000"
"429",315,8,"Entregue",1675.29,NA,"Nordeste","Travessa dos Coqueiros, 789, Boa Viagem, Recife, 51000-000","DataPedido",2024-11-03,NA,"51000-000"
"430",315,8,"Entregue",1675.29,NA,"Nordeste","Travessa dos Coqueiros, 789, Boa Viagem, Recife, 51000-000","DataEntrega",2024-11-18,NA,"51000-000"
"431",316,13,"Entregue",1538.44,NA,"Sudeste","Rua da Praia, 123, Copacabana, Rio de Janeiro, 22000-000","DataPedido",2024-11-04,NA,"22000-000"
"432",316,13,"Entregue",1538.44,NA,"Sudeste","Rua da Praia, 123, Copacabana, Rio de Janeiro, 22000-000","DataEntrega",2024-11-17,NA,"22000-000"
"433",317,7,"Entregue",2299.57,NA,"Sudeste","Rua da Praia, 123, Copacabana, Rio de Janeiro, 22000-000","DataPedido",2024-11-05,NA,"22000-000"
"434",317,7,"Entregue",2299.57,NA,"Sudeste","Rua da Praia, 123, Copacabana, Rio de Janeiro, 22000-000","DataEntrega",2024-11-25,NA,"22000-000"
"435",318,12,"Entregue",2338.71,NA,"Sul","Avenida Farrapos, 456, Floresta, Porto Alegre, 90200-000","DataPedido",2024-11-06,NA,"90200-000"
"436",318,12,"Entregue",2338.71,NA,"Sul","Avenida Farrapos, 456, Floresta, Porto Alegre, 90200-000","DataEntrega",2024-11-13,NA,"90200-000"
"437",319,1,"Pendente",1590.16,2,"Sul","Travessa das Hortênsias, 789, Centro, Florianópolis, 88000-000","DataPedido",2024-11-07,NA,"88000-000"
"438",319,1,"Pendente",1590.16,2,"Sul","Travessa das Hortênsias, 789, Centro, Florianópolis, 88000-000","DataEntrega",NA,NA,"88000-000"
"439",320,16,"Entregue",2920.97,NA,"Sudeste","Travessa das Palmeiras, 789, Savassi, Belo Horizonte, 30100-000","DataPedido",2024-11-08,NA,"30100-000"
"440",320,16,"Entregue",2920.97,NA,"Sudeste","Travessa das Palmeiras, 789, Savassi, Belo Horizonte, 30100-000","DataEntrega",2024-11-23,NA,"30100-000"
